<?xml version="1.0" encoding="UTF-8" standalone="yes"?>
<addon id="script.adinaart"
       name="ADINA Art Module"
       provider-name="[COLORpurple]• [COLORorchid]Tech [COLORdarkorchid]E [COLORplum]Coyote [COLORpurple]•[/COLOR]"
       version="22.5.13">
    <extension point="xbmc.python.module" />
    <extension point="xbmc.addon.metadata">
        <summary>Themes for Addons</summary>
        <description>Themes for Addons</description>
        <platform>all</platform>
        <license>GNU GENERAL PUBLIC LICENSE. Version 3, 29 June 2007</license>
        <assets>
            <icon>icon.png</icon>
            <fanart>fanart.png</fanart>
        </assets>
    </extension>
</addon>
