<?xml version="1.0" encoding="UTF-8" standalone="yes"?>
<addon id="context.dynasty"
       name="[COLORgold] Dynasty Context[/COLOR]"
       version="22.9.29"
       provider-name="[COLORred]• [COLORcrimson]Tech [COLORsalmon]E [COLORcrimson]Coyote [COLORred]•[/COLOR]">
    <requires>
        <import addon="script.module.requests" version="2.19.1" />
    </requires>
    <extension point="kodi.context.item">
        <menu id="kodi.core.main">
            <item library="contextSettings.py">
                <label>[B][COLOR gold]Dynasty[/COLOR][/B] - CM Settings</label>
                <visible>
                    !String.IsEmpty(Window(home).Property(context.dynasty.settings)) +
                    String.StartsWith(ListItem.path,plugin://plugin.video.dynasty/) +
                    String.IsEqual(ListItem.Property(isDynasty_widget),true)
                </visible>
            </item>
            <item library="traktManager.py">
                <label>[B][COLOR gold]Dynasty[/COLOR][/B] - Trakt Manager</label>
                <visible>
                    !String.IsEmpty(Window(home).Property(context.dynasty.traktManager)) +
                    String.StartsWith(ListItem.path,plugin://plugin.video.dynasty/) +
                    String.IsEqual(ListItem.Property(isDynasty_widget),true) +
                    [String.IsEqual(ListItem.dbtype,episode) | String.IsEqual(ListItem.dbtype,tvshow) | String.IsEqual(ListItem.dbtype,season) | String.IsEqual(ListItem.dbtype,movie)]
                </visible>
            </item>
            <item library="clearProviders.py">
                <label>[B][COLOR gold]Dynasty[/COLOR][/B] - Clear Providers</label>
                <visible>
                    [!String.IsEmpty(Window(home).Property(context.dynasty.clearProviders)) +
                    String.StartsWith(ListItem.FolderPath,plugin://plugin.video.dynasty/?action=play) +
                    String.IsEqual(ListItem.Property(isDynasty_widget),true) +
                    [String.IsEqual(ListItem.dbtype,episode) | String.IsEqual(ListItem.dbtype,movie)]] |
                    [String.Contains(Container.FolderPath,videodb://) +
                    [String.Contains(Container.ListItem.Path,Window(home).Property(dynasty.movieLib.path)) | String.Contains(Container.ListItem.Path,Window(home).Property(dynasty.tvLib.path))] +
                    [String.IsEqual(ListItem.dbtype,episode) | String.IsEqual(ListItem.dbtype,movie)]]
                </visible>
            </item>
            <item library="clearBookmark.py">
                <label>[B][COLOR gold]Dynasty[/COLOR][/B] - Clear Item Bookmark</label>
                <visible>
                    !String.IsEmpty(Window(home).Property(context.dynasty.clearBookmark)) +
                    String.StartsWith(ListItem.FolderPath,plugin://plugin.video.dynasty/?action=play) +
                    String.IsEqual(ListItem.Property(isDynasty_widget),true) +
                    ListItem.IsResumable +
                    [String.IsEqual(ListItem.dbtype,episode) | String.IsEqual(ListItem.dbtype,movie)]
                </visible>
            </item>
            <item library="rescrape.py">
                <label>[B][COLOR gold]Dynasty[/COLOR][/B] - Rescrape Item</label>
                <visible>
                    [!String.IsEmpty(Window(home).Property(context.dynasty.rescrape)) +
                    String.StartsWith(ListItem.FolderPath,plugin://plugin.video.dynasty/?action=play) +
                    String.IsEqual(ListItem.Property(isDynasty_widget),true) +
                    [String.IsEqual(ListItem.dbtype,episode) | String.IsEqual(ListItem.dbtype,movie)]]
                </visible>
            </item>
            <item library="libRescrape.py">
                <label>[B][COLOR gold]Dynasty[/COLOR][/B] - Rescrape Lib Item</label>
                <visible>
                    String.Contains(Container.FolderPath,videodb://) +
                    [String.Contains(Container.ListItem.Path,Window(home).Property(dynasty.movieLib.path)) | String.Contains(Container.ListItem.Path,Window(home).Property(dynasty.tvLib.path))] +
                    [String.IsEqual(ListItem.dbtype,episode) | String.IsEqual(ListItem.dbtype,movie)]
                </visible>
            </item>
            <item library="playFromHere.py">
                <label>[B][COLOR gold]Dynasty[/COLOR][/B] - Play from here</label>
                <visible>
                    !String.IsEmpty(Window(home).Property(context.dynasty.playFromHere)) +
                    String.StartsWith(ListItem.path,plugin://plugin.video.dynasty/) +
                    String.IsEqual(ListItem.Property(isDynasty_widget),true) +
                    String.IsEqual(ListItem.dbtype,episode)
                </visible>
            </item>
            <item library="autoPlay.py">
                <label>[B][COLOR gold]Dynasty[/COLOR][/B] - Auto Play</label>
                <visible>
                    String.IsEmpty(Window(home).Property(dynasty.autoPlay.enabled)) +
                    !String.IsEmpty(Window(home).Property(context.dynasty.autoPlay)) +
                    String.StartsWith(ListItem.FolderPath,plugin://plugin.video.dynasty/?action=play) +
                    String.IsEqual(ListItem.Property(isDynasty_widget),true) +
                    [String.IsEqual(ListItem.dbtype,episode) | String.IsEqual(ListItem.dbtype,movie)]
                </visible>
            </item>
            <item library="sourceSelect.py">
                <label>[B][COLOR gold]Dynasty[/COLOR][/B] - Source Select</label>
                <visible>
                    !String.IsEmpty(Window(home).Property(dynasty.autoPlay.enabled)) +
                    !String.IsEmpty(Window(home).Property(context.dynasty.sourceSelect)) +
                    String.StartsWith(ListItem.FolderPath,plugin://plugin.video.dynasty/?action=play) +
                    String.IsEqual(ListItem.Property(isDynasty_widget),true) +
                    [String.IsEqual(ListItem.dbtype,episode) | String.IsEqual(ListItem.dbtype,movie)]
                </visible>
            </item>
            <item library="findSimilar.py">
                <label>[B][COLOR gold]Dynasty[/COLOR][/B] - Find Similar</label>
                <visible>
                    !String.IsEmpty(Window(home).Property(context.dynasty.findSimilar)) +
                    String.StartsWith(ListItem.path,plugin://plugin.video.dynasty/) +
                    String.IsEqual(ListItem.Property(isDynasty_widget),true) +
                    [String.IsEqual(ListItem.dbtype,tvshow) | String.IsEqual(ListItem.dbtype,movie)]
                </visible>
            </item>
            <item library="browseSeries.py">
                <label>[B][COLOR gold]Dynasty[/COLOR][/B] - Browse Series</label>
                <visible>
                    !String.IsEmpty(Window(home).Property(context.dynasty.browseSeries)) +
                    String.StartsWith(ListItem.path,plugin://plugin.video.dynasty/) +
                    String.IsEqual(ListItem.Property(isDynasty_widget),true) +
                    [String.IsEqual(ListItem.dbtype,episode) | String.IsEqual(ListItem.dbtype,tvshow)]
                </visible>
            </item>
            <item library="browseEpisodes.py">
                <label>[B][COLOR gold]Dynasty[/COLOR][/B] - Browse Episodes</label>
                <visible>
                    !String.IsEmpty(Window(home).Property(context.dynasty.browseEpisodes)) +
                    String.StartsWith(ListItem.path,plugin://plugin.video.dynasty/) +
                    String.IsEqual(ListItem.Property(isDynasty_widget),true) +
                    String.IsEqual(ListItem.dbtype,episode)
                </visible>
            </item>
        </menu>
    </extension>
    <extension point="xbmc.service" library="service.py" />
    <extension point="xbmc.addon.metadata">
        <summary lang="en">Dynasty Context- This Addon is currently in beta. Please be aware there may be bugs present</summary>
        <description lang="en">Adds Contextual Menu Items for Dynasty menu items throughout Kodi</description>
        <platform>all</platform>
        <license>GNU GENERAL PUBLIC LICENSE. Version 3, 29 June 2007</license>
        <forum></forum>
        <website></website>
        <source></source>
        <disclaimer lang="en"></disclaimer>
        <assets>
            <icon>icon.png</icon>
            <fanart>fanart.jpg</fanart>
            <screenshot></screenshot>
        </assets>
        <news></news>
    </extension>
</addon>