<?xml version="1.0" encoding="UTF-8"?>
<includes>
    <!-- Video TriPanel -->
    <include name="VideoTriPanel">
        <control type="group">
            <visible>Control.IsVisible(55)</visible>
            <include>ViewAnimation</include>
            <top>-25</top>
            <control type="group">
                <left>1400</left>
                <top>136</top>
                <animation effect="slide" end="-500,0" time="640" easing="inout" tween="circle" condition="String.IsEqual(Skin.String(TriPanelLayout),$LOCALIZE[31162])">Conditional</animation>
                <animation effect="zoom" center="1400,500" start="100" end="110" time="240" tween="back" reversible="false" condition="String.IsEqual(Skin.String(TriPanelLayout),$LOCALIZE[31162])">Conditional</animation>
                <control type="image">
                    <left>-32</left>
                    <top>60</top>
                    <width>512</width>
                    <height>752</height>
                    <texture colordiffuse="$VAR[ThemeLabelColor]" border="40">listpanel_back.png</texture>
                </control>
                <control type="grouplist">
                    <top>92</top>
                    <width>448</width>
                    <height>270</height>
                    <visible>!ListItem.IsCollection</visible>
                    <control type="button">
                        <label>[COLOR $VAR[ThemeLabelColor]]$LOCALIZE[31000]:[/COLOR][CR]$INFO[ListItem.Director]</label>
                        <width>448</width>
                        <include>DefaultButtonsValues</include>
                        <visible>!String.IsEmpty(ListItem.Director) + Container.Content(movies)</visible>
                    </control>
                    <control type="button">
                        <label>[COLOR $VAR[ThemeLabelColor]]$LOCALIZE[126]:[/COLOR][CR]$INFO[Window(Home).Property(TMDbHelper.ListItem.Status)]</label>
                        <width>448</width>
                        <include>DefaultButtonsValues</include>
                        <visible>[Container.Content(tvshows) | Container.Content(seasons)] + !String.IsEmpty(Window(Home).Property(TMDbHelper.ListItem.Status))</visible>
                    </control>
                    <control type="button">
                        <label>[COLOR $VAR[ThemeLabelColor]]$LOCALIZE[20416]:[/COLOR][CR]$INFO[ListItem.Premiered]</label>
                        <width>448</width>
                        <include>DefaultButtonsValues</include>
                        <visible>!String.IsEmpty(ListItem.Premiered) + [Container.Content(episodes) | [[Container.Content(tvshows) | Container.Content(seasons)] + Skin.HasSetting(Disable.NextAired)]]</visible>
                    </control>
                    <control type="button">
                        <label>[COLOR $VAR[ThemeLabelColor]]$LOCALIZE[31019]:[/COLOR][CR]$INFO[ListItem.Studio]</label>
                        <width>448</width>
                        <include>DefaultButtonsValues</include>
                        <visible>!String.IsEmpty(ListItem.Studio)</visible>
                        <visible>[[Container.Content(tvshows) | Container.Content(seasons)] + Skin.HasSetting(Disable.NextAired)] | Container.Content(episodes)</visible>
                    </control>
                    <control type="button">
                        <label>[COLOR $VAR[ThemeLabelColor]]$LOCALIZE[31010]: [/COLOR][CR]$INFO[Window(Home).Property(TMDbHelper.ListItem.Next_Aired),, • ]$INFO[Window(Home).Property(TMDbHelper.ListItem.Next_Aired.Season),S]$INFO[Window(Home).Property(TMDbHelper.ListItem.Next_Aired.Episode),E, - ]$INFO[Window(Home).Property(TMDbHelper.ListItem.Next_Aired.Name)]</label>
                        <width>448</width>
                        <include>DefaultButtonsValues</include>
                        <visible>[Container.Content(tvshows) | Container.Content(seasons)] + ![String.IsEmpty(Window(Home).Property(TMDbHelper.ListItem.Next_Aired)) | String.IsEmpty(Window(Home).Property(TMDbHelper.ListItem.Last_Aired))] + !Skin.HasSetting(Disable.NextAired)</visible>
                    </control>
                    <control type="button">
                        <label>[COLOR $VAR[ThemeLabelColor]]$LOCALIZE[31011]: [/COLOR][CR]$INFO[Window(Home).Property(TMDbHelper.ListItem.Last_Aired),, • ]$INFO[Window(Home).Property(TMDbHelper.ListItem.Last_Aired.Season),S]$INFO[Window(Home).Property(TMDbHelper.ListItem.Last_Aired.Episode),E, - ]$INFO[Window(Home).Property(TMDbHelper.ListItem.Last_Aired.Name)]</label>
                        <width>448</width>
                        <include>DefaultButtonsValues</include>
                        <visible>[Container.Content(tvshows) | Container.Content(seasons)] + !String.IsEmpty(Window(Home).Property(TMDbHelper.ListItem.Last_Aired)) + String.IsEmpty(Window(Home).Property(TMDbHelper.ListItem.Next_Aired)) + !Skin.HasSetting(Disable.NextAired)</visible>
                    </control>
                    <control type="button">
                        <label>[COLOR $VAR[ThemeLabelColor]]$LOCALIZE[515]:[/COLOR][CR]$INFO[ListItem.Genre]</label>
                        <width>448</width>
                        <include>DefaultButtonsValues</include>
                        <visible>!String.IsEmpty(ListItem.Genre) + !Container.Content(episodes)</visible>
                    </control>
                    <control type="button">
                        <label>[COLOR $VAR[ThemeLabelColor]]$LOCALIZE[2050]:[/COLOR][CR]$INFO[ListItem.Duration(mins),, $LOCALIZE[12391]]</label>
                        <width>448</width>
                        <include>DefaultButtonsValues</include>
                        <visible>!String.IsEmpty(ListItem.Duration)</visible>
                    </control>
                </control>
                <control type="grouplist">
                    <top>92</top>
                    <width>448</width>
                    <height>270</height>
                    <visible>ListItem.IsCollection</visible>
                    <control type="button">
                        <label>[COLOR $VAR[ThemeLabelColor]]$LOCALIZE[20342]:[/COLOR][CR]$INFO[Container(4500).NumItems]</label>
                        <width>448</width>
                        <include>DefaultButtonsValues</include>
                    </control>
                    <control type="button">
                        <label>[COLOR $VAR[ThemeLabelColor]]$LOCALIZE[31000]:[/COLOR][CR]$INFO[Window(Home).Property(SkinInfo.Set.Movies.Director)]</label>
                        <width>448</width>
                        <include>DefaultButtonsValues</include>
                        <visible>!String.IsEmpty(Window(Home).Property(SkinInfo.Set.Movies.Director))</visible>
                    </control>
                    <control type="button">
                        <label>[COLOR $VAR[ThemeLabelColor]]$LOCALIZE[515]:[/COLOR][CR]$VAR[MovieSetGenreVar]</label>
                        <width>448</width>
                        <include>DefaultButtonsValues</include>
                        <visible>!String.IsEmpty(Window(Home).Property(SkinInfo.Set.Movies.Genre)) | !String.IsEmpty(Container(4500).ListItem(0).Genre)</visible>
                    </control>
                    <control type="button">
                        <label>[COLOR $VAR[ThemeLabelColor]]$LOCALIZE[2050]:[/COLOR][CR]$INFO[Window(Home).Property(SkinInfo.Set.Movies.Runtime),, $LOCALIZE[12391]]</label>
                        <width>448</width>
                        <include>DefaultButtonsValues</include>
                        <visible>!String.IsEmpty(Window(Home).Property(SkinInfo.Set.Movies.Runtime))</visible>
                    </control>
                    <control type="button">
                        <label>[COLOR $VAR[ThemeLabelColor]]$LOCALIZE[652]:[/COLOR][CR]$INFO[Container(4500).ListItem(0).Year]$INFO[Container(4500).ListItem(-1).Year, - ]</label>
                        <width>448</width>
                        <include>DefaultButtonsValues</include>
                    </control>
                </control>
                <control type="textbox" id="70">
                    <label>$VAR[VideoPlotVar]</label>
                    <left>15</left>
                    <top>370</top>
                    <width>428</width>
                    <height>402</height>
                    <font>font14_textbox</font>
                    <pagecontrol>95561</pagecontrol>
                    <include>DefaultButtonsValues</include>
                    <autoscroll time="3000" delay="4000" repeat="5000">Skin.HasSetting(Enable.AutoScroll) + !Control.HasFocus(95561)</autoscroll>
                </control>
                <control type="scrollbar" id="95561">
                    <left>450</left>
                    <top>370</top>
                    <width>12</width>
                    <height>408</height>
                    <onup>PageUp(70)</onup>
                    <ondown>PageUp(70)</ondown>
                    <onleft>50</onleft>
                    <onright condition="!Control.IsVisible(615)">4400</onright>
                    <onright condition="Control.IsVisible(615)">615</onright>
                    <texturesliderbackground colordiffuse="1AFFFFFF">colors/white50.png</texturesliderbackground>
                    <texturesliderbar colordiffuse="1AFFFFFF">colors/white.png</texturesliderbar>
                    <texturesliderbarfocus colordiffuse="$VAR[ThemeLabelColor]">colors/white.png</texturesliderbarfocus>
                    <showonepage>false</showonepage>
                </control>
            </control>
            <control type="group">
                <left>846</left>
                <top>154</top>
                <animation effect="slide" end="547,0" time="640" easing="inout" tween="circle" condition="String.IsEqual(Skin.String(TriPanelLayout),$LOCALIZE[31162])">Conditional</animation>
                <animation effect="zoom" center="850,700" start="100" end="90" time="240" tween="back" reversible="false" condition="String.IsEqual(Skin.String(TriPanelLayout),$LOCALIZE[31162])">Conditional</animation>
                <control type="multiimage">
                    <left>20</left>
                    <top>20</top>
                    <width>530</width>
                    <height>795</height>
                    <aspectratio aligny="bottom" align="right">scale</aspectratio>
                    <imagepath background="true">$VAR[FocusedPosterThumbVar]</imagepath>
                    <fadetime>IconCrossfadeTime</fadetime>
                </control>
                <control type="image">
                    <width>570</width>
                    <height>835</height>
                    <aspectratio aligny="bottom" align="right">scale</aspectratio>
                    <texture colordiffuse="00FFFFFF">black.png</texture>
                    <fadetime>IconCrossfadeTime</fadetime>
                    <bordertexture border="20">thumbs/thumb_shadow.png</bordertexture>
                    <bordersize>20</bordersize>
                </control>
                <control type="image">
                    <left>20</left>
                    <top>20</top>
                    <width>80</width>
                    <height>800</height>
                    <texture flipx="true" border="1">side_shadow.png</texture>
                    <visible>String.IsEqual(Skin.String(TriPanelLayout),$LOCALIZE[31162])</visible>
                    <animation effect="fade" start="0" end="100" time="650" condition="String.IsEqual(Skin.String(TriPanelLayout),$LOCALIZE[31162])">Conditional</animation>
                </control>
            </control>
            <control type="group">
                <left>76</left>
                <top>60</top>
                <control type="image">
                    <left>-32</left>
                    <top>60</top>
                    <width>870</width>
                    <height>906</height>
                    <texture colordiffuse="$VAR[ThemeLabelColor]" border="40">listpanel_back.png</texture>
                </control>
                <control type="list" id="55">
                    <top>92</top>
                    <width>806</width>
                    <height>840</height>
                    <onleft>SetProperty(MediaMenu,True,Home)</onleft>
                    <onleft>SetFocus(9050)</onleft>
                    <onright condition="Control.IsVisible(95560)">95560</onright>
                    <onright condition="!Control.IsVisible(95560) + Control.IsVisible(95561)">95561</onright>
                    <onright condition="!Control.IsVisible(95560) + !Control.IsVisible(95561)">4400</onright>
                    <onup>55</onup>
                    <ondown>55</ondown>
                    <viewtype label="31078">list</viewtype>
                    <pagecontrol>95560</pagecontrol>
                    <preloaditems>2</preloaditems>
                    <visible>Container.Content(movies) | Container.Content(tvshows) | Container.Content(seasons) | Container.Content(episodes) | Container.Content(sets)</visible>
                    <scrolltime tween="quadratic" easing="out">200</scrolltime>
                    <itemlayout height="70" width="806" condition="Container.Content(movies)">
                        <control type="label">
                            <left>15</left>
                            <width>90</width>
                            <height>68</height>
                            <font>font15</font>
                            <textcolor>$VAR[ThemeLabelColor]</textcolor>
                            <label fallback="• • • •">$INFO[ListItem.Year]</label>
                            <visible>!ListItem.IsParentFolder</visible>
                            <visible>!ListItem.IsCollection</visible>
                        </control>
                        <control type="image">
                            <top>-18</top>
                            <width>105</width>
                            <height>105</height>
                            <aspectratio>keep</aspectratio>
                            <texture>overlays/set.png</texture>
                            <colordiffuse>grey</colordiffuse>
                            <visible>!Container.Content(sets) + ListItem.IsCollection</visible>
                        </control>
                        <control type="label">
                            <left>110</left>
                            <width>500</width>
                            <height>68</height>
                            <font>font15</font>
                            <textcolor>grey2</textcolor>
                            <label>$INFO[ListItem.Label]</label>
                            <visible>!Container.Content(sets)</visible>
                        </control>
                        <control type="label">
                            <left>20</left>
                            <width>720</width>
                            <height>68</height>
                            <font>font15</font>
                            <textcolor>grey2</textcolor>
                            <label>$INFO[ListItem.Label]</label>
                            <visible>Container.Content(sets)</visible>
                        </control>
                        <control type="label">
                            <left>120</left>
                            <width>620</width>
                            <height>68</height>
                            <font>font15</font>
                            <align>right</align>
                            <textcolor>grey2</textcolor>
                            <label>$INFO[ListItem.Label2]</label>
                            <visible>!ListItem.IsCollection</visible>
                            <visible>!Skin.HasSetting(Enable.HideRatings) | [String.IsEqual(ListItem.Label2, ListItem.Rating) + String.IsEqual(Container.SortMethod,$LOCALIZE[563])]</visible>
                        </control>
                        <control type="image">
                            <left>742</left>
                            <top>3</top>
                            <width>64</width>
                            <height>64</height>
                            <aspectratio>keep</aspectratio>
                            <texture colordiffuse="$VAR[ThemeLabelColor]">$VAR[ListItemOverlay]</texture>
                        </control>
                    </itemlayout>
                    <focusedlayout height="70" width="806" condition="Container.Content(movies)">
                        <control type="image">
                            <width>806</width>
                            <height>70</height>
                            <texture colordiffuse="$VAR[HighlightBarColor]" border="4">listselect_fo.png</texture>
                            <visible>Control.HasFocus(55)</visible>
                            <include>VisibleFadeAnimation</include>
                        </control>
                        <control type="label">
                            <left>15</left>
                            <width>90</width>
                            <height>68</height>
                            <font>font15</font>
                            <label fallback="• • • •">$INFO[ListItem.Year]</label>
                            <animation effect="fade" start="100" end="70" time="300" tween="sine" easing="inout" condition="!Control.HasFocus(55)">Conditional</animation>
                            <visible>!ListItem.IsParentFolder</visible>
                            <visible>!ListItem.IsCollection</visible>
                        </control>
                        <control type="image">
                            <top>-18</top>
                            <width>105</width>
                            <height>105</height>
                            <aspectratio>keep</aspectratio>
                            <texture>overlays/set.png</texture>
                            <visible>!Container.Content(sets) + ListItem.IsCollection</visible>
                        </control>
                        <control type="label">
                            <left>110</left>
                            <width>500</width>
                            <height>68</height>
                            <font>font15</font>
                            <label>$INFO[ListItem.Label]</label>
                            <visible>!Container.Content(sets)</visible>
                            <animation effect="fade" start="100" end="70" time="300" tween="sine" easing="inout" condition="!Control.HasFocus(55)">Conditional</animation>
                        </control>
                        <control type="label">
                            <left>20</left>
                            <width>720</width>
                            <height>68</height>
                            <font>font15</font>
                            <textcolor>grey2</textcolor>
                            <label>$INFO[ListItem.Label]</label>
                            <visible>Container.Content(sets)</visible>
                            <animation effect="fade" start="100" end="70" time="300" tween="sine" easing="inout" condition="!Control.HasFocus(55)">Conditional</animation>
                        </control>
                        <control type="label">
                            <left>120</left>
                            <width>620</width>
                            <height>68</height>
                            <font>font15</font>
                            <align>right</align>
                            <label>$INFO[ListItem.Label2]</label>
                            <visible>!ListItem.IsCollection</visible>
                            <visible>!Skin.HasSetting(Enable.HideRatings) | [String.IsEqual(ListItem.Label2, ListItem.Rating) + String.IsEqual(Container.SortMethod,$LOCALIZE[563])]</visible>
                            <animation effect="fade" start="100" end="70" time="300" tween="sine" easing="inout" condition="!Control.HasFocus(55)">Conditional</animation>
                        </control>
                        <control type="image">
                            <left>742</left>
                            <top>3</top>
                            <width>64</width>
                            <height>64</height>
                            <aspectratio>keep</aspectratio>
                            <texture colordiffuse="$VAR[ThemeLabelColor]">$VAR[ListItemOverlay]</texture>
                        </control>
                    </focusedlayout>
                    <itemlayout height="70" width="806" condition="Container.Content(tvshows)">
                        <control type="label">
                            <left>15</left>
                            <width>90</width>
                            <height>68</height>
                            <font>font15</font>
                            <textcolor>$VAR[ThemeLabelColor]</textcolor>
                            <label fallback="• • • •">$INFO[ListItem.Year]</label>
                            <visible>!ListItem.IsParentFolder</visible>
                        </control>
                        <control type="label">
                            <left>110</left>
                            <width>565</width>
                            <height>68</height>
                            <font>font15</font>
                            <textcolor>grey2</textcolor>
                            <label>$INFO[ListItem.Label]</label>
                        </control>
                        <control type="label">
                            <left>110</left>
                            <width>620</width>
                            <height>68</height>
                            <font>font15</font>
                            <align>right</align>
                            <textcolor>grey2</textcolor>
                            <label>$INFO[ListItem.Rating]</label>
                            <visible>!Skin.HasSetting(Enable.HideRatings)</visible>
                        </control>
                        <control type="image">
                            <left>742</left>
                            <top>3</top>
                            <width>64</width>
                            <height>64</height>
                            <aspectratio>keep</aspectratio>
                            <texture colordiffuse="$VAR[ThemeLabelColor]">$VAR[ListItemOverlay]</texture>
                        </control>
                        <control type="group">
                            <left>742</left>
                            <control type="image">
                                <top>3</top>
                                <width>64</width>
                                <height>64</height>
                                <texture>overlays/list/OverlayUnWatched.png</texture>
                                <visible>Integer.IsGreater(ListItem.Property(UnWatchedEpisodes),0) + String.IsEmpty(ListItem.Overlay)</visible>
                            </control>
                            <control type="label">
                                <left>-18</left>
                                <width>100</width>
                                <height>68</height>
                                <font>font12_title</font>
                                <align>center</align>
                                <label>$VAR[ListOverlayEpisodesVar]</label>
                                <textcolor>grey3</textcolor>
                                <textoffsetx>18</textoffsetx>
                                <visible>Integer.IsGreater(ListItem.Property(UnWatchedEpisodes),0)</visible>
                            </control>
                        </control>
                    </itemlayout>
                    <focusedlayout height="70" width="806" condition="Container.Content(tvshows)">
                        <control type="image">
                            <width>806</width>
                            <height>70</height>
                            <texture colordiffuse="$VAR[HighlightBarColor]" border="4">listselect_fo.png</texture>
                            <visible>Control.HasFocus(55)</visible>
                            <include>VisibleFadeAnimation</include>
                        </control>
                        <control type="label">
                            <left>15</left>
                            <width>90</width>
                            <height>68</height>
                            <font>font15</font>
                            <label fallback="• • • •">$INFO[ListItem.Year]</label>
                            <animation effect="fade" start="100" end="70" time="300" tween="sine" easing="inout" condition="!Control.HasFocus(55)">Conditional</animation>
                            <visible>!ListItem.IsParentFolder</visible>
                        </control>
                        <control type="label">
                            <left>110</left>
                            <width>565</width>
                            <height>68</height>
                            <font>font15</font>
                            <label>$INFO[ListItem.Label]</label>
                            <animation effect="fade" start="100" end="70" time="300" tween="sine" easing="inout" condition="!Control.HasFocus(55)">Conditional</animation>
                        </control>
                        <control type="label">
                            <left>110</left>
                            <width>620</width>
                            <height>68</height>
                            <font>font15</font>
                            <align>right</align>
                            <label>$INFO[ListItem.Rating]</label>
                            <visible>!Skin.HasSetting(Enable.HideRatings)</visible>
                            <animation effect="fade" start="100" end="70" time="300" tween="sine" easing="inout" condition="!Control.HasFocus(55)">Conditional</animation>
                        </control>
                        <control type="image">
                            <left>742</left>
                            <top>3</top>
                            <width>64</width>
                            <height>64</height>
                            <aspectratio>keep</aspectratio>
                            <texture colordiffuse="$VAR[ThemeLabelColor]">$VAR[ListItemOverlay]</texture>
                        </control>
                        <control type="group">
                            <left>742</left>
                            <control type="image">
                                <top>3</top>
                                <width>64</width>
                                <height>64</height>
                                <texture>overlays/list/OverlayUnWatched.png</texture>
                                <visible>Integer.IsGreater(ListItem.Property(UnWatchedEpisodes),0) + String.IsEmpty(ListItem.Overlay)</visible>
                            </control>
                            <control type="label">
                                <left>-18</left>
                                <width>100</width>
                                <height>68</height>
                                <font>font12_title</font>
                                <align>center</align>
                                <label>$VAR[ListOverlayEpisodesVar]</label>
                                <textoffsetx>18</textoffsetx>
                                <visible>Integer.IsGreater(ListItem.Property(UnWatchedEpisodes),0)</visible>
                            </control>
                        </control>
                    </focusedlayout>
                    <itemlayout height="70" width="806" condition="Container.Content(episodes)">
                        <control type="label">
                            <width>620</width>
                            <height>68</height>
                            <font>font15</font>
                            <textcolor>grey2</textcolor>
                            <label>$INFO[ListItem.Label]</label>
                            <textoffsetx>15</textoffsetx>
                        </control>
                        <control type="label">
                            <left>120</left>
                            <width>620</width>
                            <height>68</height>
                            <font>font15</font>
                            <align>right</align>
                            <textcolor>grey2</textcolor>
                            <label>$INFO[ListItem.Rating]</label>
                            <visible>!Skin.HasSetting(Enable.HideRatings)</visible>
                        </control>
                        <control type="image">
                            <left>742</left>
                            <top>3</top>
                            <width>64</width>
                            <height>64</height>
                            <aspectratio>keep</aspectratio>
                            <texture colordiffuse="$VAR[ThemeLabelColor]">$VAR[ListItemOverlay]</texture>
                        </control>
                    </itemlayout>
                    <focusedlayout height="70" width="806" condition="Container.Content(episodes)">
                        <control type="image">
                            <width>806</width>
                            <height>70</height>
                            <texture colordiffuse="$VAR[HighlightBarColor]" border="4">listselect_fo.png</texture>
                            <visible>Control.HasFocus(55)</visible>
                            <include>VisibleFadeAnimation</include>
                        </control>
                        <control type="label">
                            <width>620</width>
                            <height>68</height>
                            <font>font15</font>
                            <label>$INFO[ListItem.Label]</label>
                            <textoffsetx>15</textoffsetx>
                            <animation effect="fade" start="100" end="70" time="300" tween="sine" easing="inout" condition="!Control.HasFocus(55)">Conditional</animation>
                        </control>
                        <control type="label">
                            <left>120</left>
                            <width>620</width>
                            <height>68</height>
                            <font>font15</font>
                            <align>right</align>
                            <label>$INFO[ListItem.Rating]</label>
                            <visible>!Skin.HasSetting(Enable.HideRatings)</visible>
                            <animation effect="fade" start="100" end="70" time="300" tween="sine" easing="inout" condition="!Control.HasFocus(55)">Conditional</animation>
                        </control>
                        <control type="image">
                            <left>742</left>
                            <top>3</top>
                            <width>64</width>
                            <height>64</height>
                            <aspectratio>keep</aspectratio>
                            <texture colordiffuse="$VAR[ThemeLabelColor]">$VAR[ListItemOverlay]</texture>
                        </control>
                    </focusedlayout>
                    <itemlayout height="70" width="806" condition="Container.Content(seasons)">
                        <control type="label">
                            <left>15</left>
                            <width>600</width>
                            <height>68</height>
                            <font>font15</font>
                            <textcolor>grey2</textcolor>
                            <label>$INFO[ListItem.Label]</label>
                        </control>
                        <control type="label">
                            <left>110</left>
                            <width>620</width>
                            <height>68</height>
                            <font>font15</font>
                            <align>right</align>
                            <textcolor>grey2</textcolor>
                            <label>$INFO[ListItem.Property(TotalEpisodes),, $LOCALIZE[20453]]</label>
                        </control>
                        <control type="image">
                            <left>742</left>
                            <top>3</top>
                            <width>64</width>
                            <height>64</height>
                            <aspectratio>keep</aspectratio>
                            <texture colordiffuse="$VAR[ThemeLabelColor]">$VAR[ListItemOverlay]</texture>
                        </control>
                        <control type="group">
                            <left>742</left>
                            <control type="image">
                                <top>3</top>
                                <width>64</width>
                                <height>64</height>
                                <texture>overlays/list/OverlayUnWatched.png</texture>
                                <visible>Integer.IsGreater(ListItem.Property(UnWatchedEpisodes),0) + String.IsEmpty(ListItem.Overlay)</visible>
                            </control>
                            <control type="label">
                                <left>-18</left>
                                <width>100</width>
                                <height>68</height>
                                <font>font12_title</font>
                                <align>center</align>
                                <label>$VAR[ListOverlayEpisodesVar]</label>
                                <textcolor>grey3</textcolor>
                                <textoffsetx>18</textoffsetx>
                                <visible>Integer.IsGreater(ListItem.Property(UnWatchedEpisodes),0)</visible>
                            </control>
                        </control>
                    </itemlayout>
                    <focusedlayout height="70" width="806" condition="Container.Content(seasons)">
                        <control type="image">
                            <width>806</width>
                            <height>70</height>
                            <texture colordiffuse="$VAR[HighlightBarColor]" border="4">listselect_fo.png</texture>
                            <visible>Control.HasFocus(55)</visible>
                            <include>VisibleFadeAnimation</include>
                        </control>
                        <control type="label">
                            <left>15</left>
                            <width>600</width>
                            <height>68</height>
                            <font>font15</font>
                            <label>$INFO[ListItem.Label]</label>
                            <animation effect="fade" start="100" end="70" time="300" tween="sine" easing="inout" condition="!Control.HasFocus(55)">Conditional</animation>
                        </control>
                        <control type="label">
                            <left>110</left>
                            <width>620</width>
                            <height>68</height>
                            <font>font15</font>
                            <align>right</align>
                            <label>$INFO[ListItem.Property(TotalEpisodes),, $LOCALIZE[20453]]</label>
                            <animation effect="fade" start="100" end="70" time="300" tween="sine" easing="inout" condition="!Control.HasFocus(55)">Conditional</animation>
                        </control>
                        <control type="image">
                            <left>742</left>
                            <top>3</top>
                            <width>64</width>
                            <height>64</height>
                            <aspectratio>keep</aspectratio>
                            <texture colordiffuse="$VAR[ThemeLabelColor]">$VAR[ListItemOverlay]</texture>
                        </control>
                        <control type="group">
                            <left>742</left>
                            <control type="image">
                                <top>3</top>
                                <width>64</width>
                                <height>64</height>
                                <texture>overlays/list/OverlayUnWatched.png</texture>
                                <visible>Integer.IsGreater(ListItem.Property(UnWatchedEpisodes),0) + String.IsEmpty(ListItem.Overlay)</visible>
                            </control>
                            <control type="label">
                                <left>-18</left>
                                <width>100</width>
                                <height>68</height>
                                <font>font12_title</font>
                                <align>center</align>
                                <label>$VAR[ListOverlayEpisodesVar]</label>
                                <textoffsetx>18</textoffsetx>
                                <visible>Integer.IsGreater(ListItem.Property(UnWatchedEpisodes),0)</visible>
                            </control>
                        </control>
                    </focusedlayout>
                </control>
                <control type="scrollbar" id="95560">
                    <left>808</left>
                    <top>92</top>
                    <width>12</width>
                    <height>840</height>
                    <onup>95560</onup>
                    <ondown>95560</ondown>
                    <onleft>50</onleft>
                    <onright condition="Control.IsVisible(95561)">95561</onright>
                    <onright condition="!Control.IsVisible(615) + !Control.IsVisible(95561)">4400</onright>
                    <onright condition="Control.IsVisible(615) + !Control.IsVisible(95561)">615</onright>
                    <texturesliderbackground colordiffuse="1AFFFFFF">colors/white50.png</texturesliderbackground>
                    <texturesliderbar colordiffuse="1AFFFFFF">colors/white.png</texturesliderbar>
                    <texturesliderbarfocus colordiffuse="$VAR[ThemeLabelColor]">colors/white.png</texturesliderbarfocus>
                    <showonepage>false</showonepage>
                </control>
            </control>
        </control>
    </include>
    <!-- Music TriPanel -->
    <include name="MusicTriPanel">
        <control type="group">
            <visible>Control.IsVisible(55) + !Window.IsActive(addoninformation)</visible>
            <include>ViewAnimation</include>
            <control type="group">
                <left>1396</left>
                <top>401</top>
                <control type="image">
                    <left>-32</left>
                    <top>60</top>
                    <width>512</width>
                    <height>487</height>
                    <texture border="40">listpanel_back.png</texture>
                </control>
                <control type="grouplist">
                    <top>92</top>
                    <width>448</width>
                    <height>420</height>
                    <usecontrolcoords>true</usecontrolcoords>
                    <visible>Container.Content(songs)</visible>
                    <control type="button">
                        <label>[COLOR $VAR[ThemeLabelColor]]$LOCALIZE[557]:[/COLOR][CR]$INFO[ListItem.Artist]</label>
                        <width>448</width>
                        <include>DefaultButtonsValues</include>
                        <visible>!String.IsEmpty(ListItem.Artist)</visible>
                    </control>
                    <control type="button">
                        <label>[COLOR $VAR[ThemeLabelColor]]$LOCALIZE[558]:[/COLOR][CR]$INFO[ListItem.Album]</label>
                        <width>448</width>
                        <include>DefaultButtonsValues</include>
                        <visible>!String.IsEmpty(ListItem.Album)</visible>
                    </control>
                    <control type="button">
                        <label>[COLOR $VAR[ThemeLabelColor]]$LOCALIZE[515]:[/COLOR][CR]$INFO[ListItem.Genre]</label>
                        <width>448</width>
                        <include>DefaultButtonsValues</include>
                        <visible>!String.IsEmpty(ListItem.Genre)</visible>
                    </control>
                    <control type="button">
                        <label>[COLOR $VAR[ThemeLabelColor]]$LOCALIZE[345]:[/COLOR][CR]$INFO[ListItem.Year]</label>
                        <width>448</width>
                        <include>DefaultButtonsValues</include>
                        <visible>!String.IsEmpty(ListItem.Year)</visible>
                    </control>
                    <control type="group">
                        <top>-12</top>
                        <control type="image">
                            <top>-3</top>
                            <left>298</left>
                            <colordiffuse>grey2</colordiffuse>
                            <include>MediaFlagValues</include>
                            <texture>$VAR[MediaFlagsPathVar]/audiocodec/$INFO[ListItem.FileExtension,,.png]</texture>
                            <visible>!String.IsEmpty(ListItem.FileExtension)</visible>
                        </control>
                        <control type="image">
                            <left>12</left>
                            <width>198</width>
                            <colordiffuse>grey2</colordiffuse>
                            <include>MediaFlagValues</include>
                            <texture fallback="rating0.png">$INFO[ListItem.UserRating,flags/rating/,.png]</texture>
                            <visible>!String.IsEmpty(ListItem.StarRating)</visible>
                        </control>
                    </control>
                </control>
                <control type="grouplist">
                    <top>92</top>
                    <width>448</width>
                    <height>420</height>
                    <usecontrolcoords>true</usecontrolcoords>
                    <visible>Container.Content(albums)</visible>
                    <control type="button">
                        <label>[COLOR $VAR[ThemeLabelColor]]$LOCALIZE[557]:[/COLOR][CR]$INFO[ListItem.Artist]</label>
                        <width>448</width>
                        <include>DefaultButtonsValues</include>
                        <visible>!String.IsEmpty(ListItem.Artist)</visible>
                    </control>
                    <control type="button">
                        <label>[COLOR $VAR[ThemeLabelColor]]$LOCALIZE[515]:[/COLOR][CR]$INFO[ListItem.Genre]</label>
                        <width>448</width>
                        <include>DefaultButtonsValues</include>
                        <visible>!String.IsEmpty(ListItem.Genre)</visible>
                    </control>
                    <control type="button">
                        <label>[COLOR $VAR[ThemeLabelColor]]$LOCALIZE[21899]:[/COLOR][CR]$INFO[ListItem.Property(Album_Label)]</label>
                        <width>448</width>
                        <include>DefaultButtonsValues</include>
                        <visible>!String.IsEmpty(ListItem.Property(Album_Label))</visible>
                    </control>
                    <control type="button">
                        <label>[COLOR $VAR[ThemeLabelColor]]$LOCALIZE[176]:[/COLOR][CR]$INFO[ListItem.Property(Album_Style)]</label>
                        <width>448</width>
                        <include>DefaultButtonsValues</include>
                        <visible>!String.IsEmpty(ListItem.Property(Album_Style))</visible>
                    </control>
                    <control type="image">
                        <top>-12</top>
                        <left>12</left>
                        <width>198</width>
                        <colordiffuse>grey2</colordiffuse>
                        <include>MediaFlagValues</include>
                        <texture fallback="rating0.png">$INFO[ListItem.UserRating,flags/rating/,.png]</texture>
                        <visible>!String.IsEmpty(ListItem.StarRating)</visible>
                    </control>
                </control>
                <control type="grouplist">
                    <top>92</top>
                    <width>448</width>
                    <height>420</height>
                    <usecontrolcoords>true</usecontrolcoords>
                    <visible>![Container.Content(songs) | Container.Content(albums)]</visible>
                    <control type="button">
                        <label>[COLOR $VAR[ThemeLabelColor]]$LOCALIZE[21863]:[/COLOR][CR]$INFO[ListItem.AddonCreator]</label>
                        <width>448</width>
                        <include>DefaultButtonsValues</include>
                        <visible>!String.IsEmpty(ListItem.AddonCreator)</visible>
                    </control>
                    <control type="button">
                        <label>[COLOR $VAR[ThemeLabelColor]]$LOCALIZE[515]:[/COLOR][CR]$INFO[ListItem.Property(Artist_Genre)]</label>
                        <width>448</width>
                        <include>DefaultButtonsValues</include>
                        <visible>!String.IsEmpty(ListItem.Property(Artist_Genre))</visible>
                    </control>
                    <control type="textbox">
                        <label>$VAR[MusicPlotVar]</label>
                        <left>15</left>
                        <top>15</top>
                        <width>418</width>
                        <height>300</height>
                        <font>font14_textbox</font>
                        <autoscroll time="3000" delay="4000" repeat="5000">Skin.HasSetting(Enable.AutoScroll)</autoscroll>
                        <include>DefaultButtonsValues</include>
                    </control>
                </control>
            </control>
            <control type="group">
                <left>846</left>
                <top>419</top>
                <control type="image">
                    <width>570</width>
                    <height>570</height>
                    <aspectratio aligny="bottom" align="right">scale</aspectratio>
                    <texture background="true">$INFO[ListItem.Icon]</texture>
                    <fadetime>IconCrossfadeTime</fadetime>
                    <bordertexture border="20">thumbs/thumb_shadow.png</bordertexture>
                    <bordersize>20</bordersize>
                </control>
                <control type="image">
                    <left>30</left>
                    <top>532</top>
                    <width>540</width>
                    <height>570</height>
                    <aspectratio aligny="top" align="right">scale</aspectratio>
                    <fadetime>IconCrossfadeTime</fadetime>
                    <texture diffuse="thumbs/thumb_reflect.png" flipy="true" background="true">$INFO[ListItem.Icon]</texture>
                    <bordersize>20</bordersize>
                </control>
                <control type="image">
                    <left>550</left>
                    <top>58</top>
                    <width>80</width>
                    <height>720</height>
                    <texture flipx="true" border="1">side_shadow.png</texture>
                </control>
            </control>
            <control type="group">
                <left>76</left>
                <top>325</top>
                <control type="image">
                    <left>-32</left>
                    <top>60</top>
                    <width>870</width>
                    <height>639</height>
                    <texture border="40">listpanel_back.png</texture>
                </control>
                <control type="list" id="55">
                    <top>92</top>
                    <width>806</width>
                    <height>575</height>
                    <onleft>SetProperty(MediaMenu,True,Home)</onleft>
                    <onleft>SetFocus(9050)</onleft>
                    <onright>95560</onright>
                    <onup>55</onup>
                    <ondown>55</ondown>
                    <visible>Container.Content(albums) | Container.Content(artists) | Container.Content(songs) | Container.Content(addons) | [Window.IsActive(music) + Container.Content(files)]</visible>
                    <viewtype label="31078">list</viewtype>
                    <pagecontrol>95560</pagecontrol>
                    <preloaditems>2</preloaditems>
                    <scrolltime tween="quadratic" easing="out">200</scrolltime>
                    <itemlayout height="70" width="806" condition="Container.Content(albums)">
                        <control type="label">
                            <left>15</left>
                            <width>90</width>
                            <height>68</height>
                            <font>font15</font>
                            <textcolor>$VAR[ThemeLabelColor]</textcolor>
                            <label fallback="• • • •">$INFO[ListItem.Year]</label>
                            <visible>!String.IsEmpty(ListItem.Album)</visible>
                        </control>
                        <control type="label">
                            <left>110</left>
                            <width>620</width>
                            <height>68</height>
                            <font>font15</font>
                            <textcolor>grey2</textcolor>
                            <label>$INFO[ListItem.Label]</label>
                        </control>
                        <control type="label">
                            <left>110</left>
                            <width>680</width>
                            <height>68</height>
                            <font>font15</font>
                            <align>right</align>
                            <textcolor>grey2</textcolor>
                            <label>$INFO[ListItem.Label2]</label>
                            <visible>String.IsEqual(Container.SortMethod,$LOCALIZE[557])</visible>
                        </control>
                    </itemlayout>
                    <focusedlayout height="70" width="806" condition="Container.Content(albums)">
                        <control type="image">
                            <width>806</width>
                            <height>70</height>
                            <texture colordiffuse="$VAR[HighlightBarColor]" border="4">listselect_fo.png</texture>
                            <visible>Control.HasFocus(55)</visible>
                            <include>VisibleFadeAnimation</include>
                        </control>
                        <control type="label">
                            <left>15</left>
                            <width>90</width>
                            <height>68</height>
                            <font>font15</font>
                            <label fallback="• • • •">$INFO[ListItem.Year]</label>
                            <animation effect="fade" start="100" end="70" time="300" tween="sine" easing="inout" condition="!Control.HasFocus(55)">Conditional</animation>
                            <visible>!String.IsEmpty(ListItem.Album)</visible>
                        </control>
                        <control type="label">
                            <left>110</left>
                            <width>620</width>
                            <height>68</height>
                            <font>font15</font>
                            <label>$INFO[ListItem.Label]</label>
                            <animation effect="fade" start="100" end="70" time="300" tween="sine" easing="inout" condition="!Control.HasFocus(55)">Conditional</animation>
                        </control>
                        <control type="label">
                            <left>110</left>
                            <width>680</width>
                            <height>68</height>
                            <font>font15</font>
                            <align>right</align>
                            <label>$INFO[ListItem.label2]</label>
                            <animation effect="fade" start="100" end="70" time="300" tween="sine" easing="inout" condition="!Control.HasFocus(55)">Conditional</animation>
                            <visible>String.IsEqual(Container.SortMethod,$LOCALIZE[557])</visible>
                        </control>
                    </focusedlayout>
                    <itemlayout height="70" width="806" condition="!Container.Content(albums)">
                        <control type="label">
                            <left>15</left>
                            <width>775</width>
                            <height>68</height>
                            <font>font15</font>
                            <textcolor>grey2</textcolor>
                            <label>$INFO[ListItem.Label]</label>
                        </control>
                        <control type="label">
                            <left>110</left>
                            <width>680</width>
                            <height>68</height>
                            <font>font15</font>
                            <align>right</align>
                            <textcolor>grey2</textcolor>
                            <label>$INFO[ListItem.Label2]</label>
                        </control>
                    </itemlayout>
                    <focusedlayout height="70" width="806" condition="!Container.Content(albums)">
                        <control type="image">
                            <width>806</width>
                            <height>70</height>
                            <texture colordiffuse="$VAR[HighlightBarColor]" border="4">listselect_fo.png</texture>
                            <visible>Control.HasFocus(55)</visible>
                            <include>VisibleFadeAnimation</include>
                        </control>
                        <control type="label">
                            <left>15</left>
                            <width>775</width>
                            <height>68</height>
                            <font>font15</font>
                            <label>$INFO[ListItem.Label]</label>
                            <animation effect="fade" start="100" end="70" time="300" tween="sine" easing="inout" condition="!Control.HasFocus(55)">Conditional</animation>
                        </control>
                        <control type="label">
                            <left>110</left>
                            <width>680</width>
                            <height>68</height>
                            <font>font15</font>
                            <align>right</align>
                            <label>$INFO[ListItem.label2]</label>
                            <animation effect="fade" start="100" end="70" time="300" tween="sine" easing="inout" condition="!Control.HasFocus(55)">Conditional</animation>
                        </control>
                    </focusedlayout>
                </control>
                <control type="scrollbar" id="95560">
                    <left>808</left>
                    <top>92</top>
                    <width>12</width>
                    <height>575</height>
                    <onup>95560</onup>
                    <ondown>95560</ondown>
                    <onleft>50</onleft>
                    <onright condition="!Control.IsVisible(615)">4400</onright>
                    <onright condition="Control.IsVisible(615)">615</onright>
                    <texturesliderbackground colordiffuse="1AFFFFFF">colors/white50.png</texturesliderbackground>
                    <texturesliderbar colordiffuse="1AFFFFFF">colors/white.png</texturesliderbar>
                    <texturesliderbarfocus colordiffuse="$VAR[ThemeLabelColor]">colors/white.png</texturesliderbarfocus>
                    <showonepage>false</showonepage>
                </control>
                <control type="image">
                    <left>822</left>
                    <top>114</top>
                    <width>40</width>
                    <height>795</height>
                    <texture flipx="true" border="1">side_shadow.png</texture>
                </control>
            </control>
        </control>
    </include>
    <!-- Games TriPanel -->
    <include name="GamesTriPanel">
        <control type="group">
            <visible>Control.IsVisible(55)</visible>
            <include>ViewAnimation</include>
            <control type="group">
                <left>1396</left>
                <top>136</top>
                <control type="image">
                    <left>-32</left>
                    <top>60</top>
                    <width>512</width>
                    <height>752</height>
                    <texture border="40">listpanel_back.png</texture>
                </control>
                <control type="grouplist">
                    <top>92</top>
                    <width>448</width>
                    <height>270</height>
                    <control type="button">
                        <label>[COLOR $VAR[ThemeLabelColor]]$LOCALIZE[31043]:[/COLOR][CR]$INFO[ListItem.Writer]</label>
                        <width>448</width>
                        <include>DefaultButtonsValues</include>
                        <visible>!String.IsEmpty(ListItem.Writer)</visible>
                    </control>
                    <control type="button">
                        <label>[COLOR $VAR[ThemeLabelColor]]$LOCALIZE[515]:[/COLOR][CR]$INFO[ListItem.Genre]</label>
                        <width>448</width>
                        <include>DefaultButtonsValues</include>
                        <visible>!String.IsEmpty(ListItem.Genre)</visible>
                    </control>
                    <control type="button">
                        <label>[COLOR $VAR[ThemeLabelColor]]$LOCALIZE[572]:[/COLOR][CR]$INFO[ListItem.Studio]</label>
                        <width>448</width>
                        <include>DefaultButtonsValues</include>
                        <visible>!String.IsEmpty(ListItem.Studio)</visible>
                    </control>
                </control>
                <control type="textbox" id="70">
                    <label>$INFO[ListItem.Plot]</label>
                    <left>15</left>
                    <top>370</top>
                    <width>418</width>
                    <height>402</height>
                    <font>font14_textbox</font>
                    <pagecontrol>95562</pagecontrol>
                    <include>DefaultButtonsValues</include>
                    <autoscroll time="3000" delay="4000" repeat="5000">Skin.HasSetting(Enable.AutoScroll) + !Control.HasFocus(95562)</autoscroll>
                </control>
                <control type="scrollbar" id="95562">
                    <left>450</left>
                    <top>370</top>
                    <width>12</width>
                    <height>408</height>
                    <onup>PageUp(70)</onup>
                    <ondown>PageUp(70)</ondown>
                    <onleft>50</onleft>
                    <onright>SetProperty(MediaMenu,True,Home)</onright>
                    <onright>SetFocus(9050)</onright>
                    <texturesliderbackground colordiffuse="1AFFFFFF">colors/white50.png</texturesliderbackground>
                    <texturesliderbar colordiffuse="1AFFFFFF">colors/white.png</texturesliderbar>
                    <texturesliderbarfocus colordiffuse="$VAR[ThemeLabelColor]">colors/white.png</texturesliderbarfocus>
                    <showonepage>false</showonepage>
                </control>
            </control>
            <control type="group">
                <left>846</left>
                <top>154</top>
                <control type="image">
                    <width>570</width>
                    <height>835</height>
                    <aspectratio aligny="bottom" align="right">scale</aspectratio>
                    <texture background="true">$VAR[PosterThumbVar]</texture>
                    <fadetime>IconCrossfadeTime</fadetime>
                    <bordertexture border="20">thumbs/thumb_shadow.png</bordertexture>
                    <bordersize>20</bordersize>
                </control>
                <control type="image">
                    <left>30</left>
                    <top>797</top>
                    <width>540</width>
                    <height>835</height>
                    <aspectratio aligny="top" align="right">scale</aspectratio>
                    <fadetime>IconCrossfadeTime</fadetime>
                    <texture diffuse="thumbs/thumb_reflect.png" flipy="true" background="true">$VAR[PosterThumbVar]</texture>
                    <bordersize>20</bordersize>
                </control>
                <control type="image">
                    <left>550</left>
                    <top>58</top>
                    <width>80</width>
                    <height>720</height>
                    <texture flipx="true" border="1">side_shadow.png</texture>
                </control>
            </control>
            <control type="group">
                <left>76</left>
                <top>60</top>
                <control type="image">
                    <left>-32</left>
                    <top>60</top>
                    <width>870</width>
                    <height>904</height>
                    <texture border="40">listpanel_back.png</texture>
                </control>
                <control type="list" id="55">
                    <top>92</top>
                    <width>806</width>
                    <height>840</height>
                    <onleft>SetProperty(MediaMenu,True,Home)</onleft>
                    <onleft>SetFocus(9050)</onleft>
                    <onright>95560</onright>
                    <onup>55</onup>
                    <ondown>55</ondown>
                    <viewtype label="31078">list</viewtype>
                    <pagecontrol>95560</pagecontrol>
                    <preloaditems>2</preloaditems>
                    <visible>String.Contains(Container.FolderPath,plugin.program.advanced.launcher)</visible>
                    <scrolltime tween="quadratic" easing="out">200</scrolltime>
                    <itemlayout height="70" width="806">
                        <control type="label">
                            <left>15</left>
                            <width>90</width>
                            <height>68</height>
                            <font>font15</font>
                            <textcolor>$VAR[ThemeLabelColor]</textcolor>
                            <label>$INFO[ListItem.Year]</label>
                        </control>
                        <control type="label">
                            <left>110</left>
                            <width>620</width>
                            <height>68</height>
                            <font>font15</font>
                            <textcolor>grey2</textcolor>
                            <label>$INFO[ListItem.Label]</label>
                        </control>
                        <control type="label">
                            <left>110</left>
                            <width>620</width>
                            <height>68</height>
                            <font>font15</font>
                            <align>right</align>
                            <textcolor>grey2</textcolor>
                            <label>$INFO[ListItem.Rating]</label>
                            <visible>!Skin.HasSetting(Enable.HideRatings)</visible>
                        </control>
                    </itemlayout>
                    <focusedlayout height="70" width="806">
                        <control type="image">
                            <width>806</width>
                            <height>70</height>
                            <texture colordiffuse="$VAR[HighlightBarColor]" border="4">listselect_fo.png</texture>
                            <visible>Control.HasFocus(55)</visible>
                            <include>VisibleFadeAnimation</include>
                        </control>
                        <control type="label">
                            <left>15</left>
                            <width>90</width>
                            <height>68</height>
                            <font>font15</font>
                            <label>$INFO[ListItem.Year]</label>
                            <animation effect="fade" start="100" end="70" time="300" tween="sine" easing="inout" condition="!Control.HasFocus(55)">Conditional</animation>
                        </control>
                        <control type="label">
                            <left>110</left>
                            <width>620</width>
                            <height>68</height>
                            <font>font15</font>
                            <label>$INFO[ListItem.Label]</label>
                            <animation effect="fade" start="100" end="70" time="300" tween="sine" easing="inout" condition="!Control.HasFocus(55)">Conditional</animation>
                        </control>
                        <control type="label">
                            <left>110</left>
                            <width>620</width>
                            <height>68</height>
                            <font>font15</font>
                            <align>right</align>
                            <label>$INFO[ListItem.Rating]</label>
                            <visible>!Skin.HasSetting(Enable.HideRatings)</visible>
                            <animation effect="fade" start="100" end="70" time="300" tween="sine" easing="inout" condition="!Control.HasFocus(55)">Conditional</animation>
                        </control>
                    </focusedlayout>
                </control>
                <control type="scrollbar" id="95560">
                    <left>808</left>
                    <top>92</top>
                    <width>12</width>
                    <height>840</height>
                    <onup>95560</onup>
                    <ondown>95560</ondown>
                    <onleft>50</onleft>
                    <onright>95562</onright>
                    <texturesliderbackground colordiffuse="1AFFFFFF">colors/white50.png</texturesliderbackground>
                    <texturesliderbar colordiffuse="1AFFFFFF">colors/white.png</texturesliderbar>
                    <texturesliderbarfocus colordiffuse="$VAR[ThemeLabelColor]">colors/white.png</texturesliderbarfocus>
                    <showonepage>false</showonepage>
                </control>
                <control type="image">
                    <left>822</left>
                    <top>114</top>
                    <width>40</width>
                    <height>795</height>
                    <texture flipx="true" border="1">side_shadow.png</texture>
                </control>
            </control>
        </control>
    </include>
</includes>