<?xml version="1.0" encoding="UTF-8"?>
<window>
    <defaultcontrol always="true">9000</defaultcontrol>
    <onload>ClearProperty(RunSkinShortcutsAfterInstall,Home)</onload>
    <onload condition="!System.HasAddon(script.skinshortcuts)">SetProperty(MissingDependency,True,Home)</onload>
    <onload condition="!System.HasAddon(script.skinshortcuts)">ActivateWindow(1126)</onload>
    <onload condition="System.AddonIsEnabled(script.skinshortcuts) + String.IsEmpty(Window(Home).Property(RunSkinShortcutsAfterInstall))">RunScript(script.skinshortcuts,type=buildxml&amp;mainmenuID=9000&amp;levels=2&amp;options=noGroups)</onload>
    <onload condition="System.AddonIsEnabled(script.skinshortcuts) + !Skin.HasSetting(AskedDefaultBackground)">SetProperty(AskDefaultBackground,True,Home)</onload>
    <onload condition="System.AddonIsEnabled(script.skinshortcuts) + !Skin.HasSetting(AskedDefaultBackground) + !Control.IsVisible(9999)">Skin.TimerStart(askdefaultbackground)</onload>
    <onload condition="System.AddonIsEnabled(script.skin.info.service) + String.IsEmpty(Window(home).Property(skininfos_daemon_running))">RunScript(script.skin.info.service)</onload>
    <menucontrol>9051</menucontrol>
    <controls>
        <control type="button" id="64">
            <include>HiddenObject</include>
            <onback>SetFocus(9000)</onback>
            <onleft>SetFocus(9000)</onleft>
            <onright>SetFocus(9000)</onright>
            <onup>SetFocus(9000)</onup>
            <ondown>SetFocus(9000)</ondown>
            <onclick>SetFocus(9000)</onclick>
        </control>
        <control type="fadelabel" id="4410">
            <top>-100</top>
            <width>2560</width>
            <height>0</height>
            <scroll>false</scroll>
            <scrollout>false</scrollout>
            <randomize>true</randomize>
            <resetonlabelchange>true</resetonlabelchange>
            <visible>!Skin.HasSetting(Disable.ExtraFanart)</visible>
            <include>FadeLabelTime</include>
            <label>$INFO[Container.ListItem.Art(fanart)]</label>
            <label>$INFO[Container.ListItem.Art(fanart1)]</label>
            <label>$INFO[Container.ListItem.Art(fanart2)]</label>
            <label>$INFO[Container.ListItem.Art(fanart3)]</label>
            <label>$INFO[Container.ListItem.Art(fanart4)]</label>
            <label>$INFO[Container.ListItem.Art(fanart5)]</label>
            <label>$INFO[Container.ListItem.Art(fanart6)]</label>
            <label>$INFO[Container.ListItem.Art(fanart7)]</label>
            <label>$INFO[Container.ListItem.Art(fanart8)]</label>
            <label>$INFO[Container.ListItem.Art(fanart9)]</label>
            <label>$INFO[Container.ListItem.Art(fanart10)]</label>
            <label>$INFO[Container.ListItem.Art(fanart11)]</label>
            <label>$INFO[Container.ListItem.Art(fanart12)]</label>
            <label>$INFO[Container.ListItem.Art(fanart13)]</label>
            <label>$INFO[Container.ListItem.Art(fanart14)]</label>
            <label>$INFO[Container.ListItem.Art(fanart15)]</label>
            <label>$INFO[Container.ListItem.Art(fanart16)]</label>
            <label>$INFO[Container.ListItem.Art(fanart17)]</label>
            <label>$INFO[Container.ListItem.Art(fanart18)]</label>
            <label>$INFO[Container.ListItem.Art(fanart19)]</label>
            <label>$INFO[Container.ListItem.Art(fanart20)]</label>
            <label>$INFO[Container.ListItem.Art(tvshow.fanart1)]</label>
            <label>$INFO[Container.ListItem.Art(tvshow.fanart2)]</label>
            <label>$INFO[Container.ListItem.Art(tvshow.fanart3)]</label>
            <label>$INFO[Container.ListItem.Art(tvshow.fanart4)]</label>
            <label>$INFO[Container.ListItem.Art(tvshow.fanart5)]</label>
            <label>$INFO[Container.ListItem.Art(tvshow.fanart6)]</label>
            <label>$INFO[Container.ListItem.Art(tvshow.fanart7)]</label>
            <label>$INFO[Container.ListItem.Art(tvshow.fanart8)]</label>
            <label>$INFO[Container.ListItem.Art(tvshow.fanart9)]</label>
            <label>$INFO[Container.ListItem.Art(tvshow.fanart10)]</label>
            <label>$INFO[Container.ListItem.Art(tvshow.fanart11)]</label>
            <label>$INFO[Container.ListItem.Art(tvshow.fanart12)]</label>
            <label>$INFO[Container.ListItem.Art(tvshow.fanart13)]</label>
            <label>$INFO[Container.ListItem.Art(tvshow.fanart14)]</label>
            <label>$INFO[Container.ListItem.Art(tvshow.fanart15)]</label>
            <label>$INFO[Container.ListItem.Art(tvshow.fanart16)]</label>
            <label>$INFO[Container.ListItem.Art(tvshow.fanart17)]</label>
            <label>$INFO[Container.ListItem.Art(tvshow.fanart18)]</label>
            <label>$INFO[Container.ListItem.Art(tvshow.fanart19)]</label>
            <label>$INFO[Container.ListItem.Art(tvshow.fanart20)]</label>
            <label>$INFO[Container.ListItem.Art(artist.fanart1)]</label>
            <label>$INFO[Container.ListItem.Art(artist.fanart2)]</label>
            <label>$INFO[Container.ListItem.Art(artist.fanart3)]</label>
            <label>$INFO[Container.ListItem.Art(artist.fanart4)]</label>
            <label>$INFO[Container.ListItem.Art(artist.fanart5)]</label>
            <label>$INFO[Container.ListItem.Art(artist.fanart6)]</label>
            <label>$INFO[Container.ListItem.Art(artist.fanart7)]</label>
            <label>$INFO[Container.ListItem.Art(artist.fanart8)]</label>
            <label>$INFO[Container.ListItem.Art(artist.fanart9)]</label>
            <label>$INFO[Container.ListItem.Art(artist.fanart10)]</label>
            <label>$INFO[Container.ListItem.Art(artist.fanart11)]</label>
            <label>$INFO[Container.ListItem.Art(artist.fanart12)]</label>
            <label>$INFO[Container.ListItem.Art(artist.fanart13)]</label>
            <label>$INFO[Container.ListItem.Art(artist.fanart14)]</label>
            <label>$INFO[Container.ListItem.Art(artist.fanart15)]</label>
            <label>$INFO[Container.ListItem.Art(artist.fanart16)]</label>
            <label>$INFO[Container.ListItem.Art(artist.fanart17)]</label>
            <label>$INFO[Container.ListItem.Art(artist.fanart18)]</label>
            <label>$INFO[Container.ListItem.Art(artist.fanart19)]</label>
            <label>$INFO[Container.ListItem.Art(artist.fanart20)]</label>
            <label>$INFO[Container.ListItem.Art(albumartist.fanart1)]</label>
            <label>$INFO[Container.ListItem.Art(albumartist.fanart2)]</label>
            <label>$INFO[Container.ListItem.Art(albumartist.fanart3)]</label>
            <label>$INFO[Container.ListItem.Art(albumartist.fanart4)]</label>
            <label>$INFO[Container.ListItem.Art(albumartist.fanart5)]</label>
            <label>$INFO[Container.ListItem.Art(albumartist.fanart6)]</label>
            <label>$INFO[Container.ListItem.Art(albumartist.fanart7)]</label>
            <label>$INFO[Container.ListItem.Art(albumartist.fanart8)]</label>
            <label>$INFO[Container.ListItem.Art(albumartist.fanart9)]</label>
            <label>$INFO[Container.ListItem.Art(albumartist.fanart10)]</label>
            <label>$INFO[Container.ListItem.Art(albumartist.fanart11)]</label>
            <label>$INFO[Container.ListItem.Art(albumartist.fanart12)]</label>
            <label>$INFO[Container.ListItem.Art(albumartist.fanart13)]</label>
            <label>$INFO[Container.ListItem.Art(albumartist.fanart14)]</label>
            <label>$INFO[Container.ListItem.Art(albumartist.fanart15)]</label>
            <label>$INFO[Container.ListItem.Art(albumartist.fanart16)]</label>
            <label>$INFO[Container.ListItem.Art(albumartist.fanart17)]</label>
            <label>$INFO[Container.ListItem.Art(albumartist.fanart18)]</label>
            <label>$INFO[Container.ListItem.Art(albumartist.fanart19)]</label>
            <label>$INFO[Container.ListItem.Art(albumartist.fanart20)]</label>
        </control>
        <control type="fadelabel" id="4411">
            <top>-100</top>
            <width>2560</width>
            <height>0</height>
            <scroll>false</scroll>
            <scrollout>false</scrollout>
            <randomize>true</randomize>
            <resetonlabelchange>true</resetonlabelchange>
            <include>FadeLabelTime</include>
            <!-- All Movies -->
            <label>$INFO[Container(9035).ListItem.Art(fanart)]</label>
            <!-- All TV Shows -->
            <label>$INFO[Container(9036).ListItem.Art(fanart)]</label>
            <!-- All Album Artists -->
            <label>$INFO[Container(9037).ListItem.Art(fanart)]</label>
            <!-- All Music Videos -->
            <label>$INFO[Container(9038).ListItem.Art(fanart)]</label>
        </control>
        <include>HomeFanartLists</include>
        <control type="button" id="9051">
            <include>HiddenObject</include>
            <onfocus condition="Player.HasMedia">ActivateWindow(playercontrols)</onfocus>
            <onfocus condition="!Player.HasMedia">SetFocus(9000)</onfocus>
        </control>
        <include>CommonBackground</include>
        <control type="image" id="1">
        <description>homeicon control</description>
             <left>20</left>
             <top>0</top>
             <width>256</width>
             <height>256</height>
             <visible>true</visible>
             <texture>electro.png</texture>
             <aspectratio>stretch</aspectratio>
        </control>
        <control type="image" id="1">
        <description>homeicon control</description>
             <left>1640</left>
             <top>0</top>
             <width>256</width>
             <height>256</height>
             <visible>true</visible>
             <texture>electro.png</texture>
             <aspectratio>stretch</aspectratio>
        </control>
        <control type="group">
            <visible>!Integer.IsEqual(Container(9000).NumItems,0) + !Control.HasFocus(64)</visible>
            <include>VisibleFadeAnimation</include>
            <include condition="!Skin.HasSetting(Disable.Videoinfo)">NowPlayingVideoWidget</include>
            <include condition="!Skin.HasSetting(Disable.Musicinfo)">NowPlayingMusicWidget</include>
            <include>Widget1</include>
            <include>Widget2</include>
            <include>LiveTVWidget</include>
            <!-- Horizontal Menu -->
            <!-- RSS Feeds -->
            <include condition="!String.IsEqual(Skin.String(MainMenu.Layout),vertical) + !Skin.HasSetting(HideSystemBars)">HorizontalMenuSystemBars</include>
            <include condition="!String.IsEqual(Skin.String(MainMenu.Layout),vertical)">HorizontalMenu</include>
            <!-- Vertical Menu -->
            <include condition="!String.IsEqual(Skin.String(HorizontalRSSPosition),high) + system.getbool(lookandfeel.enablerssfeeds) + !String.IsEqual(Skin.String(MainMenu.Layout),vertical) + !Skin.HasSetting(HideSystemBars)">RSSFeed</include>
            <include condition="String.IsEqual(Skin.String(HorizontalRSSPosition),high) + system.getbool(lookandfeel.enablerssfeeds) + !String.IsEqual(Skin.String(MainMenu.Layout),vertical) + !Skin.HasSetting(HideSystemBars)">RSSFeed2</include>
            <include condition="String.IsEqual(Skin.String(MainMenu.Layout),vertical)">VerticalMenu</include>
            <!-- RSS Feed -->
            <include condition="String.IsEqual(Skin.String(MainMenu.Layout),vertical) + !Skin.HasSetting(HideSystemBars)">RSSFeedVerticalMenu</include>
            <!-- Fanart Title Widget -->
            <include condition="!Skin.HasSetting(Disable.FanartTitle)">FanartTitle</include>
            <!-- Vertical SubMenu + System Bars -->
            <include condition="String.IsEqual(Skin.String(MainMenu.Layout),vertical)">VerticalSubMenu</include>
            <include condition="String.IsEqual(Skin.String(MainMenu.Layout),vertical) + !Skin.HasSetting(HideSystemBars)">VerticalMenuSystemBars</include>
        </control>
        <control type="group" id="9999">
            <visible>System.AddonIsEnabled(script.skinshortcuts) + [Integer.IsEqual(Container(9000).NumItems,0) | Container(9000).IsUpdating]</visible>
            <control type="image">
                <include>FullscreenDimensions</include>
                <texture>black.png</texture>
            </control>
            <control type="group">
                <top>440</top>
                <control type="label">
                    <width>100%</width>
                    <height>100</height>
                    <align>center</align>
                    <font>font_skinversion</font>
                    <label>$LOCALIZE[31526]</label>
                </control>
                <control type="fadelabel">
                    <top>100</top>
                    <width>100%</width>
                    <height>100</height>
                    <align>center</align>
                    <font>font_kodiversion</font>
                    <label>$LOCALIZE[31527]</label>
                    <label>$LOCALIZE[31527].</label>
                    <label>$LOCALIZE[31527]..</label>
                    <label>$LOCALIZE[31527]...</label>
                    <label>$LOCALIZE[31527]....</label>
                    <scrollout>false</scrollout>
                    <pauseatend>1000</pauseatend>
                </control>
            </control>
            <control type="group">
                <left>80</left>
                <top>900</top>
                <control type="image">
                    <width>400</width>
                    <height>130</height>
                    <aspectratio align="left">keep</aspectratio>
                    <texture>xbmc-logo.png</texture>
                </control>
                <control type="image">
                    <left>1375</left>
                    <width>400</width>
                    <height>130</height>
                    <aspectratio>keep</aspectratio>
                    <texture>electro-logo.png</texture>
                </control>
            </control>
        </control>
    </controls>
</window>