<?xml version="1.0" encoding="UTF-8" standalone="yes"?>
<addon id="plugin.thelab.wizard" name="TheLab Wizard" version="23.5.15" provider-name="[COLORgreen]&#8226; [COLORspringgreen]Tech [COLORpalegreen]E. [COLORlime]Coyote [COLORgreen]&#8226;[/COLOR]">
  <requires>
    <import addon="xbmc.python" version="3.0.0"/>
    <import addon="script.module.six" />
    <import addon="script.module.kodi-six" />
  </requires>
  <extension point="xbmc.python.pluginsource" library="default.py">
        <provides>executable</provides>
  </extension>
  <extension point="xbmc.service" library="startup.py" start="startup" />
  <extension point="xbmc.addon.metadata">
    <summary lang="en">TheLab Wizard</summary>
    <description lang="en">TheLab Wizard</description>
    <platform>all</platform>
    <assets>
        <icon>icon.png</icon>
        <fanart>fanart.jpg</fanart>
        <banner></banner>
        <clearlogo></clearlogo>
        <screenshot></screenshot>
    </assets>
  </extension>
</addon>