<?xml version="1.0" encoding="UTF-8" standalone="yes"?>
<addon id="plugin.video.cng"
       name="[COLORred]Click[/COLOR][COLORyellow]N[/COLOR][COLORgreen]Go[/COLOR]"
       version="23.7.29"
       provider-name="[COLORgoldenrod]FE[COLORgold]AR[COLORdarkkhaki]LE[COLORkhaki]SS[/COLOR] - [COLORcrimson]Tech [COLORsalmon]E [COLORred]Coyote[/COLOR]">
	<requires>
		<import addon="script.module.audrey" />
	</requires>
	<extension point="xbmc.python.pluginsource" library="default.py">
		<provides>video</provides>
	</extension>
	<extension point="xbmc.addon.metadata">
		<summary lang="en">Click N Go - Debrid - Movie N TvShow 1Clicks</summary>
		<description>Click N Go - Debrid - Movie N TvShow 1Clicks</description>
		<platform>all</platform>
		<language>en</language>
		<email></email>
	<assets>
		<icon>icon.png</icon>
		<fanart>fanart.jpg</fanart>
	</assets>
	</extension>
</addon>