{
  "sites": [
    {
        "name": "new.myvid",
        "poster": "special://home/addons/plugin.video.cng/icon.png",
        "fanart": "special://home/addons/plugin.video.cng/fanart.jpg",
	    "search_url": "https://dl.myvideolinks.net/?s={%}",
     "items": {
		"Search": [
		  {
			"pattern": "<header class=\"entry-header cf\">{*}<h2 class=\"entry-title\" itemprop=\"headline\" ><a href=\"{%}\">{%}</a></h2>{*}<img src=\"{%}\" width=\"120px\" height=\"auto\" title=\"{*}\" class=\"alignleft\" >",
			"name": "{%2}",
			"url": "{%1}",
			"poster": "{%3}",
			"fanart": "special://home/addons/plugin.video.cng/fanart.jpg"
		  },
		  {
			"pattern": "<li><a href=\"{%}\" class=\"autohyperlink\" target=\"_blank\">{%}</a></li>",
			"name": "{%2}",
			"url": "{%1}",
			"poster": "",
			"fanart": "special://home/addons/plugin.video.cng/fanart.jpg"
		  }
		],
		"Latest Movies And TV Shows": [
          {
            "site_url": "https://dl.myvideolinks.net/",
            "pattern": "<header class=\"entry-header cf\">{*}<h2 class=\"entry-title\" itemprop=\"headline\" ><a href=\"{%}\">{%}</a></h2>{*}<img src=\"{%}\" width=\"120px\" height=\"auto\" title=\"{*}\" class=\"alignleft\" >",
            "name": "{%2}",
            "url": "{%1}",
            "poster": "{%3}",
            "fanart": "special://home/addons/plugin.video.scorpion/fanart.jpg",
			"next_pattern": "<a class=\"nextpostslink\" rel=\"next\" aria-label=\"Next Page\" href=\"{%}\">{*}</a>",
			"next_url": "{%1}"
          },
		  {
			"pattern": "<li><a href=\"{%}\" class=\"autohyperlink\" target=\"_blank\">{%}</a></li>",
            "name": "{%2}",
            "url": "{%1}",
            "poster" : "",
		 	"fanart" : "special://home/addons/plugin.video.cng/fanart.jpg"
		  }
        ],
        "Movies": [
          {
            "site_url": "https://dl.myvideolinks.net/category/movies/",
			"pattern": "<header class=\"entry-header cf\">{*}<h2 class=\"entry-title\" itemprop=\"headline\" ><a href=\"{%}\">{%}</a></h2>{*}<img src=\"{%}\" width=\"120px\" height=\"auto\" title=\"{*}\" class=\"alignleft\" >",
            "name": "{%2}",
            "url": "{%1}",
            "poster": "{%3}",
            "fanart": "special://home/addons/plugin.video.cng/fanart.jpg",
			"next_pattern": "<a class=\"nextpostslink\" rel=\"next\" aria-label=\"Next Page\" href=\"{%}\">{*}</a>",
			"next_url": "{%1}"
          },
		  {
			"pattern": "<li><a href=\"{%}\" class=\"autohyperlink\" target=\"_blank\">{%}</a></li>",
            "name": "{%2}",
            "url": "{%1}",
            "poster" : "",
		 	"fanart" : "special://home/addons/plugin.video.cng/fanart.jpg"
		  }
		],
        "Older Movies": [
          {
            "site_url": "https://dl.myvideolinks.net/category/movies/older-movies/",
            "pattern": "<header class=\"entry-header cf\">{*}<h2 class=\"entry-title\" itemprop=\"headline\" ><a href=\"{%}\">{%}</a></h2>{*}<img src=\"{%}\" width=\"120px\" height=\"auto\" title=\"{*}\" class=\"alignleft\" >",
            "name": "{%2}",
            "url": "{%1}",
            "poster": "{%3}",
            "fanart": "special://home/addons/plugin.video.cng/fanart.jpg",
			"next_pattern": "<a class=\"nextpostslink\" rel=\"next\" aria-label=\"Next Page\" href=\"{%}\">{*}</a>",
			"next_url": "{%1}"
          },
		  {
			"pattern": "<li><a href=\"{%}\" class=\"autohyperlink\" target=\"_blank\">{%}</a></li>",
            "name": "{%2}",
            "url": "{%1}",
            "poster" : "",
		 	"fanart" : "special://home/addons/plugin.video.cng/fanart.jpg"
		  }
        ],
        "TV Shows": [
          {
            "site_url": "https://dl.myvideolinks.net/category/tv-shows/",
            "pattern": "<header class=\"entry-header cf\">{*}<h2 class=\"entry-title\" itemprop=\"headline\" ><a href=\"{%}\">{%}</a></h2>{*}<img src=\"{%}\" width=\"120px\" height=\"auto\" title=\"{*}\" class=\"alignleft\" >",
            "name": "{%2}",
            "url": "{%1}",
            "poster": "{%3}",
            "fanart": "special://home/addons/plugin.video.cng/fanart.jpg",
			"next_pattern": "<a class=\"nextpostslink\" rel=\"next\" aria-label=\"Next Page\" href=\"{%}\">{*}</a>",
			"next_url": "{%1}"
          },
		  {
			"pattern": "<li><a href=\"{%}\" class=\"autohyperlink\" target=\"_blank\">{%}</a></li>",
            "name": "{%2}",
            "url": "{%1}",
            "poster" : "",
		 	"fanart" : "special://home/addons/plugin.video.cng/fanart.jpg"
		  }
        ],
        "Complete Seasons": [
          {
            "site_url": "https://dl.myvideolinks.net/category/tv-shows/complete-seasons/",
            "pattern": "<header class=\"entry-header cf\">{*}<h2 class=\"entry-title\" itemprop=\"headline\" ><a href=\"{%}\">{%}</a></h2>{*}<img src=\"{%}\" width=\"120px\" height=\"auto\" title=\"{*}\" class=\"alignleft\" >",
            "name": "{%2}",
            "url": "{%1}",
            "poster": "{%3}",
            "fanart": "special://home/addons/plugin.video.cng/fanart.jpg",
			"next_pattern": "<a class=\"nextpostslink\" rel=\"next\" aria-label=\"Next Page\" href=\"{%}\">{*}</a>",
			"next_url": "{%1}"
          },
          {
            "pattern": "<h2>{%}</h2>{*}<li><a href=\"{%}\" class=\"autohyperlink\" target=\"_blank\">{%}</a></li>",
            "name": "{%1}",
            "url": "{%2}",
            "poster": "",
            "fanart": "special://home/addons/plugin.video.cng/fanart.jpg"
          } 
		],
        "2160p": [
          {
            "site_url": "https://dl.myvideolinks.net/category/movies/2160p/",
            "pattern": "<h2 class=\"entry-title\" itemprop=\"headline\" ><a href=\"{%}\">{%}</a></h2>{*}<img src=\"{%}\" width=\"120px\" height=\"auto\" title=\"{*}\" class=\"alignleft\" >",
            "name": "{%2}",
            "url": "{%1}",
            "poster": "{%3}",
            "fanart": "special://home/addons/plugin.video.cng/fanart.jpg",
            "next_pattern": "<a class=\"nextpostslink\" rel=\"next\" aria-label=\"Next Page\" href=\"{%}\">{*}</a>",
			"next_url": "{%1}"
          },
          {
		  "pattern": "<h2>{%}</h2>{*}<li><a href=\"{%}\" class=\"autohyperlink\" target=\"_blank\">{%}</a></li>",
            "name": "{%1}",
            "url": "{%2}",
            "poster": "",
            "fanart": "special://home/addons/plugin.video.cng/fanart.jpg"
          }
        ],
		"Trailers": [
		  {
			"site_url": "https://dl.myvideolinks.net/category/movies/2023/",
			"pattern": "<article id={*}<a href=\"{*}>{%}</a>{*}itemprop=\"text\"{*}src=\"{%}\"{*}<b>Genre</b>{*}<a href=\"{%}\">TRAILER</a>",
			"name": "{%1}",
			"url": "{%3}",
			"poster": "{%2}",
			"fanart": "special://home/addons/plugin.video.cng/fanart.jpg",
			"next_pattern": "<a class=\"nextpostslink\" rel=\"next\" aria-label=\"Next Page\" href=\"{%}\">{*}</a>",
			"next_url": "{%1}"
		  }
	    ]
      }
    }
  ]
}

