<?xml version="1.0" encoding="UTF-8"?>
<addon id="skin.electro" version="23.5.23" name="ElecTro" provider-name="[COLORFF00FF00]Whiskey[/COLOR][COLORFFFF00FF]Demon[/COLOR]">
    <requires>
        <import addon="xbmc.gui" version="5.16.0" />
        <import addon="script.skinshortcuts" version="2.0.1" />
        <import addon="script.skin.helper.colorpicker" version="23.5.19" optional="true" />
        <import addon="service.library.data.provider" version="0.4.2" />
        <import addon="resource.images.studios.white" version="0.0.1" />
        <import addon="resource.images.recordlabels.white" version="0.0.1" />
    </requires>
    <extension point="xbmc.gui.skin" debugging="false">
        <res width="1920" height="1080" aspect="16:9" default="true" folder="16x9" />
    </extension>
    <extension point="xbmc.addon.metadata">
        <summary lang="en_US">Modded by WhiskeyDemon</summary>
        <platform>all</platform>
        <license>CC BY-NC-SA 4.0</license>
        <assets>
            <icon>icon.png</icon>
            <fanart>fanart.jpg</fanart>
        </assets>
        <news></news>
    </extension>
</addon>
